,utm_source,purchase_sum,ROMI
0,vk_ads,16389652.5,71.55596710786828
1,instagram_ads,14546969.0,69.90895187432855
2,facebook_ads,12249901.0,42.59826380263403
3,yandex-direct,13915368.0,32.63206835646478
4,google_ads,12868276.0,22.149264566708794
5,-,21449749.5,0.0
6,referal,8837044.5,0.0
