utm_source,app_install,app_start,choose_item,purchase,register,search,tap_basket,1 step,2 step,3 step,4 step,5 step
-,32460,48670,38026,14073,16527,46742,29223,96.03862749126772,81.35295879508793,76.85004996581287,56.554768504260345,85.1515701579234
facebook_ads,13916,23780,18713,7506,8672,22822,14592,95.97140454163163,81.99544299360267,77.9778763426495,59.42982456140351,86.55442804428044
google_ads,26286,35778,27416,9777,11405,34217,20765,95.63698362121974,80.12391501300523,75.74044353662096,54.924151215988445,85.72555896536606
instagram_ads,20096,29237,22858,9394,10750,28017,17881,95.827205253617,81.58617981939537,78.22644150844343,60.119680107376546,87.38604651162791
referal,9282,14866,11880,5503,6193,14316,9518,96.30028252388,82.98407376362113,80.11784511784512,65.06619037612944,88.85838850314872
vk_ads,23189,32353,25422,10919,12421,31010,20014,95.84891663833338,81.98000644953241,78.72708677523404,62.061556910162885,87.9075758795588
yandex-direct,29368,38578,29591,10581,12342,36933,22417,95.73591165949505,80.12075921262827,75.75614207022406,55.05643038765223,85.73164803111327
