utm_source,app_start,choose_item,purchase,search,tap_basket,1 step,2 step,3 step,5 step
-,9482,8728,5492,9355,7850,98.66062012233706,93.29770176376269,89.94042163153071,69.96178343949045
facebook_ads,5606,5154,3333,5527,4694,98.59079557616839,93.25131174235571,91.07489328676756,71.0055389859395
google_ads,5399,4948,3121,5335,4438,98.81459529542508,92.74601686972821,89.6928051738076,70.32447048219919
instagram_ads,5686,5288,3548,5618,4842,98.80408019697502,94.12602349590601,91.56580937972768,73.27550598926064
referal,3647,3417,2382,3610,3155,98.98546750754045,94.65373961218836,92.33245537020778,75.49920760697306
vk_ads,6011,5636,3950,5958,5196,99.1182831475628,94.59550184625714,92.1930447125621,76.02001539645882
yandex-direct,5396,4928,3099,5304,4464,98.295033358043,92.91101055806938,90.58441558441558,69.42204301075269
