,utm_source,users_x,users_y,CR to first purchase
0,-,41456,14786,0.35666730991895024
1,facebook_ads,18844,7903,0.41939078751857356
2,google_ads,31437,10167,0.3234087222063174
3,instagram_ads,24818,9820,0.39568055443629624
4,referal,11983,5803,0.48426938162396727
5,vk_ads,27905,11460,0.41067908976885864
6,yandex-direct,34441,10936,0.317528527046253
